id,year,DPCdummy,doctor,nurse,general_beds,allowance_doctor,ave_serve_doctor,use_rates_general,ave_stays_general,ave_inpatient_per1day,ave_outpatient_per1day,inpatients_per1doctor,outpatients_per1nurse,medical_fee_per1inpatient,medical_fee_per1outpatient,inspections_per100patients,fixed_assets_per1bed,medical_revenue,non_medical_revenue,medical_cost_per1day1man,areas_facility,MrozDPC
1,25,0,13,79,146,1235532,12,65.9,22.2,112,358,6.3,2.6,28830,9143,328.1,24767,2165509,858847,17637.79656,12101,1.61826807325831
2,25,0,5,32,120,1065162,12,24,14.1,29,208,3.2,3.6,28093,10573,269.5,26736,980721,497350,17568.18681,8702,2.79474518592824
5,25,0,8,44,130,1033948,18,17.3,15.1,23,54,2.7,0.8,88155,15422,1177.8,13584,955509,624394,58162.35545,5913,0.953358585384154
6,25,0,2,23,40,817219,47,14.1,24.2,7,22,2.2,0.6,27968,10827,267.2,15995,157829,821934,93193.38687,5790,4.30547390875526
7,25,1,131,595,689,798324,17,80.3,14.2,553,1262,4.1,1.2,65173,17517,570.4,27321,19219185,1643926,30017.94181,59225,1.63847653302789e-05
9,25,1,146,559,685,915155,18,79.5,12,590,1290,3.3,1.3,63187,15773,822.1,33193,19620357,2007087,27508.59662,53660,4.31905276721539e-06
10,25,1,41,257,370,1002561,15,66.1,13.7,312,783,5.9,1.7,41321,10783,543.6,37036,7501950,1253395,19665.49822,30819,0.258842841864885
11,25,1,22,170,272,977691,17,76.6,16.2,208,507,6.9,1.8,36678,11351,514.4,26044,4532482,437224,17120.60159,14426,0.620799959466634
12,25,1,31,198,330,960220,17,65.2,13.3,224,452,5.4,1.3,43023,12925,616,30930,5375119,705098,22572.27041,23849,0.471832423756169
13,25,1,53,260,337,969938,18,81.2,12.6,274,659,3.8,1.5,51442,16051,584,41978,8099280,789384,23347.32561,24359,0.214523702342971
14,25,1,49,218,305,979212,16,81.6,11.6,250,531,3.9,1.4,50483,13417,704.8,44392,7031909,900297,23134.27113,23701,0.268386854045818
15,25,0,11,103,177,1153960,26,60.7,21.2,107,422,7.5,2.3,28828,12574,351.3,19300,2561731,269578,15170.67613,11763,1.73260362606252
16,25,0,9,24,41,1012551,21,72,17,30,192,2.5,4,29504,6434,427.4,16917,702859,538125,12101.82648,1769,2.21273639551654
17,25,1,32,209,295,1029872,15,71.2,14.9,238,763,5.2,2,43975,10869,526.9,43303,6308704,854264,17210.54836,24563,0.41264598296907
18,25,0,6,74,130,1089639,27,68.3,17.9,89,275,9.5,2.1,28968,8908,413.5,25071,1608110,377322,14748.15595,10529,1.95853769979282
19,25,0,9,107,184,1061546,22,60.1,20.3,111,251,8,1.3,31387,12819,443.9,32186,2170941,353083,20396.69265,12740,1.82332177338483
20,25,1,30,171,290,1075364,20,62.2,14.1,192,669,4.4,2.1,42400,7927,486,46153,4839217,734723,16937.07222,20958,0.60566870767683
21,25,0,8,139,48,1219190,23,68.1,16.6,237,365,19.1,1.4,15369,5993,144.3,25370,1967332,840626,13069.44432,20774,3.09182257457202
24,25,0,5,41,60,1093367,24,84.6,19.5,84,140,12,1.8,21146,5731,313.4,14764,924901,260317,12749.92661,6521,2.2586650545053
26,25,0,4,36,68,1090333,23,90.2,22.7,61,103,17.2,1.5,25459,10383,355.5,27093,882843,103728,14903.90912,4154,2.12946739264526
30,25,1,139,650,658,875147,17,86.2,13.1,567,1151,3.3,1.1,60217,14926,541.5,53132,18389823,1934163,29866.5747,63265,0.000513161419442594
31,25,1,45,311,452,920891,18,73,17,330,819,6.2,1.5,38238,9243,267.1,17370,6922189,745405,18519.85884,25554,0.110100463198809
32,25,1,25,174,219,918367,21,69.2,16,151,501,5,1.6,35435,9134,292.8,23243,3303683,628853,19389.56635,17519,1.17218438588392
34,25,0,11,87,98,1104470,7,66.1,15.4,65,268,5,1.8,35013,9677,215.7,29548,1597473,841380,18121.14032,9382,1.95480452104059
35,25,0,3,23,32,1030167,14,36,12.1,12,62,3.2,1.6,27584,7105,194.6,10913,310109,405214,25343.35431,2205,3.24856018997608
39,25,1,103,483,475,754167,6,77.7,12.7,373,940,3.1,1.2,63326,17908,950,28504,13071448,1570141,28638.42085,35376,0.00658763113240512
42,25,1,63,251,324,668859,9,71.4,15.3,231,452,3.4,1.1,53113,20751,581,36652,7017546,1519168,33602.20221,40061,0.334380052514305
43,25,0,7,50,80,705429,9,90.6,62.8,72,108,7.7,1.3,32123,8623,113.5,48472,1089475,842633,26915.09893,13664,1.94384376206366
44,25,1,30,181,240,850789,22,61.8,12.6,148,338,3.3,1,111960,10229,1045.1,33132,7087007,776706,43851.74474,25000,0.0377505221881663
45,25,0,46,211,357,781690,17,68.6,16.2,245,396,4.6,1.1,47810,28489,792.5,44220,7282761,812917,34440.8138,33701,0.398417794231567
47,25,0,45,226,150,838586,17,73.5,13.5,110,191,2.2,0.5,78463,15437,605.1,53366,4149743,1531869,49423.86565,17704,0.942013884035574
48,25,1,49,311,268,879187,20,87.3,13.9,256,316,4.6,0.6,74005,18190,889.1,27159,8661748,1795964,47055.94406,28287,0.241169919732561
49,25,0,95,466,503,745351,7,73.9,14.5,315,757,2.9,1,57300,24934,641.2,65214,11824894,2597033,40138.06226,110362,0.0671997713079643
50,25,0,72,375,300,712095,20,77,14.2,231,529,2,0.9,76532,15861,585.8,24554,9001073,2032707,39538.47152,26577,0.219977501206539
52,25,0,44,262,220,719600,19,80.8,16,178,341,3.8,0.8,74674,9590,1018.4,42849,5860040,1646296,39223.52258,22000,0.33845056520638
53,25,0,4,44,179,805417,25,10.2,13.6,18,104,1.8,1.2,31449,17187,1308.1,11912,753896,254406,33464.60813,13055,2.32041162598965
54,25,1,24,193,237,757575,20,74.1,16.1,176,540,5,1.8,45010,8757,616.9,18344,4302810,584704,18682.39841,15418,0.625730289223976
56,25,1,88,299,341,815500,20,81.6,11.7,278,491,2.8,1.3,65104,32097,886,22101,11841492,2735119,44244.40565,31790,0.11567338791885
57,25,0,37,175,100,923605,19,75.8,13.6,76,26,1.9,0.1,102095,18119,1140.6,32711,4687707,250834,126447.596,11172,0.440529062487511
58,25,1,54,300,224,751445,22,71.2,14.3,159,329,1.7,0.7,81553,23409,500.3,26254,6876549,2348653,46030.00225,21269,0.595716707668404
59,25,1,98,447,452,733385,16,75.5,12.6,364,737,2.7,1.2,63761,9196,543.2,21086,11764047,2178750,35118.89565,34437,0.0277391923820045
60,25,1,95,433,508,693172,19,80.1,14.4,407,837,3.1,1.4,51577,9768,501.9,18303,10767493,2837484,29031.07959,43650,0.0134768499138345
61,25,1,150,681,803,618886,19,84.4,17.7,678,1159,3.2,1.3,54004,23858,802.8,31800,22517816,6941937,41533.58588,73030,4.53689483066347e-06
62,25,1,159,687,726,712864,17,85.2,13.7,644,1146,2.7,1.3,62732,14523,784.3,25605,22163106,5129861,36804.93763,62804,7.32035447068237e-06
63,25,0,42,245,304,550023,20,80.9,22.1,246,16,4.4,0.1,41431,15824,425.8,11911,3948419,2807528,69199.30984,23933,0.821487718043515
64,25,0,59,465,90,566289,18,63.6,48.7,798,411,9.9,0.7,20230,8158,155.7,31436,7236367,5923181,28201.33927,90841,3.45263947223655
71,25,0,3,27,55,1508385,18,74.6,18.7,41,84,12.4,1.7,28482,8173,450.1,6279,631920,246607,18494.1589,217,2.11686144062913
72,25,0,5,33,55,1080500,16,78.3,23.9,43,134,6.9,2.4,27102,7231,381,9352,707180,337609,15584.49036,19,2.0624793430424
73,25,0,4,44,67,1442762,17,45.8,13.8,31,154,4.1,2.3,32956,7822,365,6694,723589,492565,17693.59496,3883,2.50581021645489
74,25,0,3,32,60,2435139,19,81.9,24.9,49,129,14.9,2.4,25703,7075,221.3,10305,731917,348739,16313.09835,237,2.13774063683307
75,25,0,11,88,150,1281189,25,87.6,20.3,131,386,8.7,2.4,32466,9311,415.6,9235,2547524,197642,14733.92332,61,1.12973657513965
76,25,0,14,139,199,1217931,19,57.3,18.4,114,457,5.9,2,35664,9966,304.4,7216,2750873,320585,16328.43605,119,1.34309393656469
77,25,0,9,78,150,1090417,27,59.3,22,110,195,10.5,1.4,26615,9277,382.9,5151,1623260,114196,20190.37952,181,1.99571443423558
78,25,1,25,167,275,1325696,18,75,18.7,206,488,7.9,1.8,36855,9580,285.3,6630,4068256,266202,17598.1801,719,0.588362415656409
79,25,0,23,191,253,1279913,17,69,18,221,578,7.5,1.8,30945,8364,322.3,4367,3871669,715290,16044.3191,131,0.853822290907757
80,25,1,94,413,524,1011570,16,84.6,15.2,443,1112,4.5,1.6,54827,15711,603.5,20034,13642293,1232812,24521.70374,281,0.0012413036943221
81,25,0,23,136,302,958620,26,40.7,14.6,123,512,4.5,2.1,37764,9065,421.6,8101,3000805,337853,16699.80369,314,0.892443002507604
82,25,1,83,291,500,879781,22,76.9,13.6,385,993,4.1,1.9,55216,20179,619.8,13612,13129286,1342661,25956.1783,382,0.00208074804229087
85,25,1,118,648,665,779378,8,86.6,11.8,616,1461,3.4,1.4,63015,16276,564.2,29848,20666892,1544089,26014.57318,58607,1.64276783473325e-05
86,25,1,113,588,662,725151,20,74.2,13.4,491,986,3.3,1,63924,19004,568.4,25234,16458765,579824,28228.73652,49601,0.000632694394013758
88,25,1,120,637,668,809472,8,74.7,12.3,700,1311,4,1.2,46362,13446,390.9,35917,16829489,1957530,25275.02435,85734,0.000912299123905578
94,25,1,123,546,589,879140,19,84.6,11.7,498,1052,2.8,1.1,63359,31800,219.9,61356,20471286,7236766,42943.97879,85952,0.00815821099534349
96,25,0,34,206,220,479517,21,73.6,13.9,179,256,5.3,2.1,42605,18081,561.4,16130,4103828,551005,31542.10675,22031,1.12750809540012
98,25,1,79,407,500,970303,20,79,14.5,395,638,3.3,1,55114,31830,1027.7,39533,14971494,1644725,42398.3742,98638,0.0395961150763096
99,25,0,52,216,200,708415,20,67.3,6.9,135,395,2.6,1.2,74551,14241,656.1,58141,5255600,889737,31453.39881,19910,0.665317839839027
102,25,0,6,28,46,654110,9,77.6,18.5,36,90,3.7,1.7,26415,7280,308.8,8914,643078,275444,19101.28289,6079,2.11766333328631
104,25,1,93,430,541,850806,19,82.9,14.5,409,859,4.2,1.2,58554,15821,877.4,31488,13330387,1420723,30466.205,70773,0.00229082849580058
105,25,0,18,83,100,811125,18,71.8,12.9,72,177,2.8,1.2,49479,16210,272.1,15707,2274617,625643,28203.774,12970,1.57227207184121
108,25,1,93,454,492,700923,8,93.4,12.8,459,1183,2.6,1.5,68329,13061,696.7,22293,15763805,1204588,25953.95024,32514,0.000183529302105022
109,25,1,46,261,400,726460,19,55,9.6,220,619,3.1,1.6,56063,10424,559.6,6490,6343457,597620,22042.28452,18906,0.125479941324324
110,25,1,76,359,400,690650,18,81.2,10.8,325,640,3.1,1,55972,14338,621,19817,9549028,863252,26997.38236,28578,0.076752524109006
112,25,1,27,166,303,615295,19,44.1,13.2,134,284,3.7,1,44465,11067,516.7,12934,3356774,748268,29659.61854,21905,0.874842361352325
113,25,1,83,442,290,708871,9,81.6,15.4,237,358,1.8,0.4,82826,19776,483.4,23428,9417498,1524171,48395.58881,29451,0.265741673446826
114,25,1,46,311,350,880276,19,63.9,13.8,223,347,4.2,0.7,93667,26493,803,26926,10429913,871587,51246.35905,26518,0.0871372430451302
115,25,0,7,18,50,921452,5,85.2,28,43,58,5.2,1.6,80282,84046,100,439711,2501185,579518,68548.86749,16555,5.29755536800577
117,25,1,93,397,430,804779,16,72.4,11.1,312,915,3.3,1.5,65172,12066,636.1,11956,10702716,976757,23650.21715,26795,0.0138960710095933
118,25,1,49,300,300,898853,18,80.8,13.7,242,687,4.8,1.5,60340,9276,669.6,15357,7111231,833574,21582.68576,20558,0.153866750112631
119,25,1,20,130,199,833792,18,60.1,18.1,120,274,6,1.3,35801,9948,532.4,14322,2426744,687825,20723.76747,13862,1.33687545015343
121,25,1,82,355,417,838318,19,92.4,14.1,386,742,4.6,1.1,60538,13320,518.8,19723,11594398,913735,26515.28466,36167,0.0159385443331852
122,25,1,47,269,300,822904,19,86.1,14.4,258,542,5.4,1.2,46005,12166,462,29789,6203490,625485,21396.77397,23433,0.410280001505323
123,25,1,107,552,633,821354,20,82.2,13.5,546,1118,4,1.2,58355,14072,565.1,28253,16286793,1839541,29421.70047,53505,0.000386981979039504
124,25,1,173,674,650,650152,17,88.1,12,609,1311,3.2,1.1,62755,15537,541.8,21804,19440995,1616459,27437.65126,67723,3.86113085755746e-05
125,25,0,13,65,125,784333,23,83.7,19.9,84,310,6.4,2.6,31608,6869,373.6,11308,1591084,282176,12950.58063,11560,1.35954911511743
127,25,1,99,414,390,758322,7,82.3,9.6,367,625,2.9,0.9,64916,16545,566.5,40026,12056901,1303359,35492.31662,40628,0.0692449782089715
128,25,1,20,161,206,845625,9,83.7,17.6,174,346,7.1,1.2,41351,12034,584.7,6772,3931044,425341,22107.93994,14911,0.650702594641186
129,25,1,2,59,102,1558222,28,57.9,14.2,59,203,8,1.8,35060,10292,449.9,11073,1442764,273390,17758.00481,8788,2.13654082320509
130,25,1,113,541,526,744289,7,80.2,9.2,436,958,4,1.2,61491,15982,1122.6,42870,14390966,1788568,31803.77351,44934,0.0031454032446922
132,25,0,17,76,150,738059,18,72.9,18,109,459,5.7,3.1,40685,7017,436.9,19916,2539039,275025,13195.71677,10158,1.00993199058884
133,25,1,182,814,824,844943,21,83.7,14.7,690,1560,3,1.1,66461,14808,461.8,43028,23796710,1775569,29080.75008,75901,4.98042753939007e-07
134,25,0,38,215,270,859198,23,74.6,13.9,201,565,5,1.6,48337,9691,265.7,12121,5039262,396912,19242.84488,20999,0.518936624829304
135,25,0,8,108,199,980385,23,47.1,17.6,94,334,11.7,1.8,31491,9681,261,10578,1918611,236204,15801.27384,11000,1.79148775565612
136,25,0,36,219,290,827300,24,59.9,13.9,177,473,5,1.4,52585,8854,401.2,11841,5181075,482748,22301.88409,20328,0.576217655924819
137,25,1,51,292,324,950853,14,73.9,13.4,241,543,4.8,1.1,51175,12057,523.1,31190,6376071,1317028,24410.97638,25739,0.362005903863152
140,25,1,86,433,509,702766,7,80.9,12.4,412,847,3.3,1.2,61200,16718,606.2,25261,12881775,934385,27916.42204,44794,0.00420342665190974
141,25,1,87,421,605,852600,17,60.9,13.3,398,655,3.5,0.9,58017,14052,503.8,18821,11159665,1285054,30850.26213,45792,0.00562307932304873
142,25,1,54,357,456,874713,6,71.1,16.1,324,402,5.9,0.7,58021,13779,493.7,26918,8585815,1055272,33261.34194,34169,0.0818358482862209
143,25,1,37,220,330,858417,15,64.6,16.9,213,334,5,1,44677,11479,391.1,22615,4700199,846492,27845.35824,28230,0.563028007716196
144,25,1,21,127,182,742093,14,89.1,12,130,190,5.3,1,52357,15909,489.9,23893,3404213,570364,32179.60616,13827,0.728739264062947
145,25,1,37,247,381,770880,12,89,16.3,265,481,6,1.2,41506,10189,350.9,18618,5440120,1111582,22436.9202,21464,0.149768504639207
147,25,1,13,103,151,769423,20,85.9,17,101,163,7.8,1,40749,16439,512.3,12099,2295136,375958,27123.88958,11540,1.20164004186917
148,25,1,11,89,146,819008,19,78.9,20.6,86,181,8.1,1.3,31607,9434,424.2,13718,1553884,313653,20518.17762,11806,1.50086911962252
149,25,1,40,223,325,909722,17,78.4,16,255,478,5.2,1.4,40239,11365,577.7,16778,5227015,551928,20390.55112,18273,0.338713279851323
150,25,1,109,535,546,914204,18,93.7,11.7,512,934,2.4,0.9,59714,11728,794.1,19872,14214138,1017157,27212.06351,34511,0.0010201497237465
151,25,1,42,177,250,1159962,12,84,13.4,257,484,5.2,1.6,38413,9955,393.7,27107,4958759,783096,21407.17283,24409,0.538125432904617
152,25,1,45,179,291,882512,12,66.4,12.9,216,480,4.2,1.5,38891,9233,504.4,12837,4366981,759667,18515.00157,16283,0.467665625446343
154,25,1,144,726,764,738467,6,71.3,12.6,572,1750,2.9,1.6,62245,13212,536.5,18537,19268375,1888001,23897.31691,60887,4.96841836621571e-07
155,25,1,93,547,501,679648,19,78.2,11.4,392,951,3.1,1,57973,10855,625.1,16867,11888313,1167739,25661.9325,42918,0.0227438691353503
156,25,1,88,461,537,1053860,7,83.6,12.9,454,996,3.3,1.2,60616,11763,494.4,18821,13401281,1003430,25074.92489,30712,0.00100795328104683
157,25,1,73,273,314,729927,16,71.1,9.6,261,886,3.1,2,56889,9189,673,31004,7939778,1634465,22841.98206,28246,0.117282175004297
158,25,0,60,292,301,695953,16,67.5,10.1,203,382,3.4,1.2,64104,10841,511.9,23240,6911919,795267,36248.1302,18186,0.369538063952867
159,25,1,121,618,624,799443,18,88.3,12.1,551,1237,4.6,1.2,63655,14202,621.5,17865,17794493,1233832,28217.70556,42124,0.00010317780801374
161,25,0,21,246,300,854353,20,71,36.1,213,171,7.3,0.4,46579,11838,320.5,42599,4267536,2118037,49652.00485,38737,1.04438096354049
162,25,1,123,565,663,809274,16,76.5,12.4,534,1644,2.7,1.7,57635,10868,499.6,26004,16707035,3582493,23099.87924,49890,1.10183488620745e-05
163,25,1,54,265,343,708470,21,71.8,14.4,264,628,5,1.6,43680,12917,585.4,35759,6703609,1751435,26673.80982,40984,0.375513904287919
165,25,1,109,417,500,953223,15,94.1,13.3,470,1140,4.3,1.7,64880,21195,675.5,31308,18053208,1124788,30267.36833,58983,0.000368560143456257
166,25,1,71,317,500,1084853,16,73.6,13.2,368,926,5,1.8,46752,11763,409.7,13663,9777304,1342059,22530.45246,33143,0.0100180778983208
168,25,1,191,989,975,720896,9,80.6,13,849,1734,2.8,1.2,70272,16405,826.1,54022,30226188,6376087,32864.87412,91424,5.76974853053773e-10
169,25,0,39,160,224,652582,9,75,12.7,186,503,4,2.1,38954,8921,542.1,36024,3851447,1496590,19736.45744,19761,0.703300265576644
170,25,0,14,103,198,717476,13,29.3,7,58,152,3.2,1,46100,10041,322.7,6815,1387905,519898,30530.09785,11366,1.68870561593743
173,25,1,125,689,715,921754,20,94.3,11.7,699,1692,3.4,1.5,73565,17227,756.6,31499,27049956,1051145,31250.34175,76478,1.02934612437739e-07
174,25,1,71,423,527,887651,20,84.8,11.9,447,796,3.9,1.1,63105,17904,512.7,13649,14203650,625292,31539.175,31518,0.0037126850637948
175,25,0,25,85,140,855849,19,70.6,10.1,99,372,3.7,2.3,39516,12232,339.1,18929,3019861,495199,21088.46232,12667,1.33285057590528
178,25,1,103,447,620,878045,10,74.9,15.8,464,1056,3.4,1.3,60107,16453,763.3,11952,14726946,1013445,25271.95746,36967,4.84482972485265e-05
179,25,0,61,225,439,983357,11,57.2,12.2,251,566,3.4,1.3,48177,8612,465.9,8559,7016768,186418,22547.25441,20453,0.0611325270093594
182,25,1,91,567,598,903865,16,78.8,14,524,1187,4.7,1.1,63984,12681,563.5,21789,16487793,1447255,27317.81462,57536,0.000564842883151154
184,25,0,3,17,37,1255861,29,76.1,21.6,42,103,12.4,2,19409,5000,337.3,5563,449580,131748,11252.92395,2898,2.6055712663684
185,25,1,32,181,208,882670,17,64.9,12.9,135,465,4,1.2,46510,15910,541.2,4101,4349949,653527,23793.00913,18896,0.868755450079918
186,25,1,71,382,396,549629,18,60.9,13.6,363,963,4.5,1.2,51813,12892,637.2,23114,10104729,747479,22597.97516,43805,0.142972038910496
187,25,1,55,305,401,929812,16,79.6,14.7,413,947,6.9,1.5,43096,9531,407.6,15842,9122837,903807,19981.30137,37036,0.0605151384615229
188,25,1,78,499,535,847460,12,83.4,14,520,1309,5.8,1.3,51139,10692,558,19349,13468400,1235406,20763.38594,46668,0.0018257100337133
189,25,0,2,14,6,1117625,25,75.9,60.2,14,63,5.7,1.3,13519,5713,320.8,33145,173652,286601,17568.43978,3326,3.28071435876888
191,25,0,40,302,365,826690,16,76.4,18.2,392,978,7.9,1.5,34617,18893,580.1,12245,9786031,494029,18992.71473,30927,0.205509936765029
193,25,1,29,137,300,801696,17,70.6,16.9,234,569,6.6,1.2,36497,10767,492.8,15009,4914731,463870,17804.98473,22146,0.384954714549009
194,25,1,31,221,258,870895,15,68.3,13.9,224,840,6.1,1.9,34323,8710,311,12061,4966709,690751,14484.65856,19582,0.656805731196492
196,25,0,7,35,53,761369,32,63.1,18.7,69,212,6.7,2,19497,10250,387.5,4556,1213968,197211,13754.6824,10552,2.76126263992664
197,25,0,8,68,100,1002698,27,62.7,26,98,303,10.5,1.8,29319,8260,365.4,12477,1794058,128834,14445.1884,12574,2.11644559687464
198,25,0,41,242,278,803464,17,80.1,12.4,267,771,5.1,1.6,39289,11143,166.5,24494,6426207,654076,17684.30596,25989,0.53217939655278
199,25,0,9,45,60,744409,17,97.9,18.1,114,369,8.2,2.3,25565,6191,410.2,25705,1861607,299450,11361.84237,15488,1.55873911118119
200,25,1,49,237,300,821254,15,77.3,13.3,279,911,4.9,1.6,49035,9166,395.7,20449,7346253,782943,18316.09531,23925,0.164939963930408
202,25,0,11,69,91,895679,26,72.6,23.8,158,346,9.9,1.8,21407,5518,447.6,5285,1778236,329867,12050.9676,12446,1.9705152549087
203,25,0,9,76,131,1310714,22,78.5,17.8,103,539,5.8,2.7,33264,8416,480.3,42965,2555643,1181155,17513.77118,13281,1.39138132823461
204,25,1,32,163,190,775397,21,77,9.7,146,718,3.7,1.9,56764,8793,230.3,29786,5178285,528320,16325.65956,18755,0.573261860074605
205,25,1,40,203,270,700380,15,79.8,16.9,248,896,5.7,2,39378,8873,438.3,31757,5730244,777407,15344.71453,24080,0.340323235914575
206,25,1,70,382,408,752675,16,78.2,12.9,380,1081,4.4,1.5,53749,10598,520.3,33985,10687238,1028475,22672.87559,42076,0.0454672464419999
208,25,0,9,15,100,745028,17,82,26.5,82,247,8.5,2.7,20594,6326,246,6518,1100409,231446,10286.57201,5060,1.6889686387983
209,25,0,6,39,99,744042,29,68.1,17.4,67,149,8.4,1.8,26636,7811,153.5,19920,1098038,251662,17359.04363,6945,2.371285943446
210,25,0,3,19,60,880897,36,64.7,23.4,39,141,6.7,2.4,23914,6612,180.5,14582,635304,264256,13488.32572,4984,2.80084325473117
211,25,0,17,128,214,1329480,19,73.9,15.5,279,603,11.4,1.5,31777,6656,407,9786,4413098,394569,15617.33607,22416,0.767939468260332
212,25,0,2,11,99,1217667,23,55.3,54.8,55,76,22.6,1.5,18137,16965,479.6,5256,734513,69395,17161.35104,2747,2.62237173874008
213,25,0,2,11,30,814792,21,38.4,15.2,12,111,6,2.9,22211,5227,24.5,10182,326850,268587,13234.63637,3669,3.45459476356939
214,25,0,3,9,45,701129,12,44.2,47.4,20,46,7.7,1.5,16957,5536,396.9,13415,262897,180570,18200.45662,3455,3.11605274003755
215,25,0,2,9,52,769750,24,33.5,46.1,17,67,6.8,3.1,16925,5494,486.8,5707,244667,114460,12052.12003,846,3.34803789489003
216,25,0,4,12,22,879208,26,84.6,27.4,37,101,8,2.3,14937,12293,247.3,6499,560251,240683,15558.03057,2485,2.77343232454246
217,25,0,5,13,33,811817,25,57.9,20.2,19,100,3.4,2.3,24065,7268,284.7,12993,415440,330260,16945.13641,4003,2.93021588285096
218,25,0,3,5,40,1049528,15,22.2,14,9,76,3,4.1,22547,11058,297.8,9596,342672,210222,17026.55923,2234,3.56031519639866
219,25,0,1,16,26,578800,39,51.4,40.9,42,59,10.8,1.3,15574,4341,70.3,11882,382511,143030,14290.62797,4043,3.75032600581529
220,25,0,5,20,46,818400,19,72.9,40.5,75,119,11,2.1,15791,10892,414.6,17579,824273,261585,15705.87488,6489,2.67518774144004
221,25,0,2,14,12,806625,27,63.7,22,29,65,8.7,2.1,13532,4688,65.1,6370,359349,113668,13602.71058,2929,3.40711735420914
223,25,0,3,21,44,805667,23,58.7,19.4,26,113,5.3,2.5,24731,6616,212.3,18089,544814,269776,13804.63191,3708,2.87803848950379
224,25,0,2,11,35,767000,34,40.2,38.6,14,51,5.8,1.9,17570,11345,295.6,15377,271492,176114,18497.44995,1998,3.78882207676671
225,25,0,2,10,30,1216833,23,63.9,35.6,19,64,8.3,1.9,19077,7112,112.9,23103,306820,160997,14826.37399,2347,3.17588667804724
226,25,0,1,6,12,2039417,38,81.8,40.7,31,86,10.7,2.1,9552,9803,229.5,12139,365925,201653,13748.5072,2301,3.30080891016108
228,25,0,1,5,16,2047000,32,65.8,28.3,19,69,14.7,3,10565,4351,133.3,6605,173111,205637,11765.13076,2547,3.43225586841219
229,25,0,2,14,30,1827800,28,57,29.9,35,93,11.4,2.1,13592,6187,363,46541,376745,221960,14754.88014,4066,3.60912380944893
230,25,0,2,10,24,1316000,21,77.3,38,19,65,8.2,2.2,17569,11728,210.3,11705,336802,258035,19256.91455,2055,2.86253237237714
231,25,0,2,6,36,1251750,11,87.7,34,32,119,10,5.2,20887,5453,286.1,9587,500085,236641,12325.99111,3426,2.07425320978568
232,25,0,1,10,50,1586000,29,35,37.5,17,63,16.2,2.7,22520,6467,82.6,7263,299190,159959,15434.34932,2270,3.50608557101242
233,25,0,3,36,46,1183306,22,72.6,22.9,67,209,12.4,2.7,17550,8561,272.6,48697,977587,830419,15273.61525,7195,2.97202460761601
234,25,0,2,10,42,1320611,24,35.4,32.1,15,72,9.9,2.6,12114,5874,42.2,22062,214471,326531,16652.52716,3244,3.94594364450531
236,25,0,8,39,99,1006854,10,61.7,17.6,61,194,6.7,1.6,26622,13148,272.8,20404,1321232,283809,18269.23449,7739,2.1753040191233
237,25,0,4,23,60,1034706,35,78.4,29.5,80,169,7.7,1.5,20848,14569,72.8,7159,1311350,337835,18124.92711,6521,2.65939067134926
238,25,0,2,5,26,1793000,21,91.3,29,40,102,19.3,1.8,14326,6302,89.4,5598,430068,101764,12470.98206,2588,2.51444113960002
239,25,0,1,11,32,1005667,15,66.6,35.7,38,75,17.1,1.7,15962,5937,376.9,5065,384093,203935,13484.54358,3040,2.73496369435935
240,25,0,2,16,25,352292,34,70.2,18.1,18,115,5.8,3.2,22688,6346,30.6,50767,369085,342020,13935.66794,4308,3.39200444369795
241,25,0,2,12,60,766958,33,58.4,45.6,35,78,14.4,1.9,18721,12909,433.4,19832,508030,158199,16577.20936,3963,3.09658742920941
242,25,0,4,22,58,811792,31,54.3,18.7,27,122,7.5,2.5,22962,6248,128.7,5184,538524,228264,14182.91808,4059,2.96303170215844
243,25,0,3,21,34,1174361,28,66.3,19.7,44,134,14.6,2.5,21178,11519,255.8,35718,818022,142681,14460.85886,5314,3.15286351162397
244,25,0,2,10,31,1314778,23,73.7,29.4,39,110,17.5,2.9,14494,4547,197.8,4649,391826,283799,12056.85391,2501,2.79014449153463
245,25,0,4,29,58,1503118,37,62.6,18.1,36,179,8.5,2.6,31364,10355,613.3,19736,910152,228952,14563.22396,3777,2.50417639062953
246,25,0,2,10,20,1903917,35,59.7,20.8,32,86,16,1.9,15748,6241,402.6,9876,332422,158288,11774.25122,2104,3.31166205711136
247,25,0,4,22,40,1167438,33,77.1,25.5,49,111,10,2,19827,7403,77.8,33594,596736,294086,15286.81507,5166,3.04067824585453
248,25,0,2,6,23,1413083,29,85.8,28.7,40,94,20,2.7,17318,10978,13,19544,565739,142216,13826.80433,3233,2.93075374139571
249,25,0,12,74,150,913014,29,73,17.6,109,332,7.1,1.9,27873,7896,264.6,15440,1952783,352373,14943.61507,11497,1.67830603066484
250,25,0,3,15,52,1086930,8,86.1,44.4,45,129,9.3,2.1,18106,7203,281.2,7721,623500,282067,14170.42985,3561,2.0538775839041
251,25,0,3,17,40,1195548,20,64.8,19.2,43,150,12.3,2.3,18820,5544,72.7,15844,592522,221390,11295.25161,3851,2.88919334558675
252,25,0,5,19,60,1228362,24,84,22.6,50,226,10.4,2.8,25163,6757,363.5,23122,1056986,173840,12706.92873,5554,2.05057221042191
253,25,0,4,18,60,1384208,18,63.8,19.2,38,155,6.5,2.9,21769,6554,243.3,25684,748015,285821,15227.76634,4782,2.64219462375189
254,25,0,4,22,55,1035833,19,65.6,26.9,36,204,9,3.8,21314,7459,545.8,43607,801366,325755,12012.97945,6988,2.63772669676353
255,25,0,2,28,60,938958,29,59.2,21,36,151,8.9,1.9,24284,5850,457.2,30895,706375,441045,15949.4689,5985,2.80691362082676
256,25,0,7,51,84,1601081,23,69.9,15.2,59,285,4.5,2.4,23298,6101,210.5,44053,1126554,710164,14620.6037,6384,2.50417596174318
257,25,0,18,93,180,1238819,18,41.8,8,83,655,2.9,2.9,41015,8150,424,19206,2925730,974369,14811.15566,16710,1.24964617365976
258,25,0,3,13,42,797583,12,29,10.7,12,85,3.5,1.9,18031,7897,97.9,26586,304341,365201,19060.38695,3659,3.73499957674147
259,25,1,57,358,538,801677,19,69,14.1,371,854,5.2,1.4,51952,10239,512.1,12333,9571896,584241,22311.80095,36310,0.00791838543914581
260,25,0,4,61,92,932200,14,39.8,16.4,89,178,13.9,1.9,19523,6158,206.6,4426,1019236,202455,13970.2632,9229,2.86422075394995
261,25,0,25,159,250,745308,21,67.9,15.4,170,421,5.4,1.4,38805,11542,162.3,8339,3759550,528027,19819.23835,13131,0.926629622228675
262,25,1,86,505,528,754992,17,95,12.8,540,1077,4.3,1.1,57300,13194,643.1,24881,15694217,1714971,27059.00323,49124,0.00162876250094715
263,25,0,20,156,290,754637,27,76.1,17.3,221,569,6.1,1.7,39596,8086,169.3,16287,4452220,56685,15361.55714,16150,0.545384477475085
264,25,1,41,276,325,1026572,6,68.5,12,249,646,5.4,1.4,50082,11829,427.1,31048,6784100,617954,23763.14686,36308,0.328041175723024
265,25,0,19,171,220,950945,18,89.6,18.3,197,458,10,1.8,38162,12797,727,57226,4482496,329816,20124.63453,19255,0.850881544984782
266,25,0,4,42,64,1259292,33,70.3,40.1,62,136,15.4,1.6,20187,6154,294.9,14902,780778,240553,14535.28435,6310,2.73597281485856
267,25,0,6,24,50,1144333,12,87.9,25.9,44,189,6.9,3,25072,6673,32.2,21386,795984,324114,10015.35658,2710,2.08315988679636
268,25,0,5,31,60,1017593,29,62.7,19.3,38,114,5.7,2.2,26462,5813,281.4,4051,616130,176662,14310.25595,5118,2.56615704988426
269,25,0,3,30,55,836829,21,58.1,19.3,60,165,12.3,3.2,20862,6305,311.5,14933,772414,125319,10230.34399,5825,2.76854419758808
270,25,0,3,14,30,1262111,22,36.5,13.6,11,87,3.6,3.6,23973,13197,242.8,17112,428377,66633,14189.12497,1505,3.55061727876266
271,25,0,6,29,78,1391306,28,68.5,19.5,52,168,8.2,2.7,27685,6290,207.5,11843,852088,46408,10836.92403,3817,2.2969900949054
272,25,0,7,55,144,986259,20,50,20.9,72,266,6.9,2.3,27440,6945,306.1,26735,1459624,142461,12670.28451,10616,2.14849757883913
273,25,0,11,94,174,1099727,28,64.3,18.2,112,338,8.4,2.2,28900,5636,235.7,18190,2102203,319075,14752.49315,12530,1.71646282271508
274,25,0,4,26,26,1094815,28,93.8,16.3,62,153,8.3,2.4,22627,6468,212.6,32632,919302,54805,11760.42052,4004,2.49454889206945
275,25,0,10,90,120,1219858,18,67.1,17.9,80,366,6.2,2.7,37436,5988,265.8,12305,1917482,206865,13561.0234,10593,1.56912276076197
276,25,0,49,282,376,1244180,8,83.6,17.6,397,1244,6.9,2.1,37039,10316,422.3,23939,8960625,1531823,16736.8494,41931,0.0428738159699723
277,25,0,7,29,48,1075131,8,55.3,16.1,27,184,4.3,2.7,28794,9380,127.8,25271,785420,188114,11403.75252,3928,2.64343720587911
279,25,0,11,84,120,1262856,26,78,16.5,118,398,8.2,2.2,31735,7540,307.4,18753,2292685,385279,12843.39492,14378,1.60600638484968
280,25,0,21,132,180,880143,8,80.3,17.8,183,386,7,1.6,35258,7906,311.2,34185,3358197,363702,17027.49356,19668,1.07905096754275
282,25,0,5,23,60,774190,15,55.7,23.5,33,140,4.4,3.1,21199,5525,375,6452,532851,146713,11456.58405,3078,2.56262299743289
283,25,0,18,97,145,1052014,24,94,14.4,136,392,7.3,2.1,37452,8695,381.5,11916,2947196,738570,16097.30178,16726,0.943498743141787
284,25,0,9,26,48,993151,19,70.9,21.9,34,202,4.1,3.9,28009,8013,281.7,27928,883497,212496,11682.43557,3705,2.38799705505761
285,25,0,4,27,60,1179333,24,37.3,21.5,38,139,6.1,2.6,17966,6828,147.3,4842,556656,220804,12172.50987,3505,3.34763651396178
286,25,0,2,21,40,1114207,32,31.3,16.8,13,107,5.2,3.4,24778,8402,187.3,9021,414347,204947,13324.08676,2295,3.61899251789359
287,25,0,4,26,45,1128521,27,60.4,16.1,27,130,6,2,41036,9346,213.7,22445,777292,140308,15079.92322,5219,2.47022354925406
289,25,0,4,16,25,1089649,27,25.9,18.7,6,83,1.8,2.6,23219,12969,81.5,66514,392533,223131,18024.9038,3588,4.48283247169297
290,25,0,15,89,123,1022937,21,99.2,18,158,271,8,1.4,27679,9766,422.1,6987,2504953,234776,17336.0092,10495,1.23045677758188
291,25,0,49,306,447,804901,13,63,14,282,1040,4.7,2.1,41882,10958,442.8,8813,7405605,694015,16995.621,25145,0.0529020724447849
292,25,0,6,24,49,929091,12,78.2,20.4,38,162,5.6,3,24028,12776,172,12309,926557,107330,14377.82192,4303,2.2845773137325
293,25,0,8,39,69,1268448,14,64.3,16.7,74,301,7.3,3.5,21756,5293,174.4,9564,1071103,165321,8735.846575,6119,2.27094733305766
294,25,1,29,161,260,807877,21,65.9,16.2,201,389,5.9,1.3,34645,9801,75.6,25608,3814047,574618,20896.28047,20207,1.14170701125147
295,25,0,6,57,90,982153,25,75.5,20.8,92,205,11.3,1.7,26275,8767,522.3,22839,1461017,181290,14960.97966,8581,2.07530144891691
296,25,0,3,29,45,1102306,34,79.6,19.9,60,114,10.7,1.7,20940,6801,173.3,17797,763177,154967,13955.62903,4954,2.75367962245403
297,25,1,87,410,442,913658,17,82.9,9.6,366,1133,2.7,1.5,65380,16641,612,12142,14374537,944441,25813.9143,30891,0.00385520037499105
298,25,0,3,34,50,1094917,25,71.3,17.5,96,70,18.8,0.7,22662,6544,189.1,6309,963260,195235,19737.38241,8794,2.63290084596795
299,25,0,3,22,40,908000,22,82.8,20.7,33,131,5.7,2.2,23468,5501,78.2,28808,512464,156069,12561.96124,3230,2.55675485277477
300,25,0,4,32,40,972042,28,87.6,23.3,62,182,9.7,2.2,20872,5662,66.4,17847,794406,110397,10816.28116,4711,2.50591481006197
301,25,0,2,13,10,887750,34,96.5,33,37,60,10.6,2.1,14003,5745,252.8,3920,334128,85244,11244.51349,2084,2.70471134297968
302,25,0,4,20,40,856418,29,61.9,35.5,40,119,8,2.2,20164,5650,245.2,10110,543978,134669,12417.81683,3631,2.95008668641784
303,25,0,6,29,55,974833,21,76.5,21.3,71,175,8.4,3.3,19294,6316,215.7,15726,985442,189847,11613.30883,6360,2.45666624335297
304,25,0,10,50,80,931179,29,81.9,19.4,99,280,8.4,2.3,24095,11954,257.5,14662,1913060,133008,14567.74497,8569,2.12822458353982
305,25,0,2,18,50,1278000,33,71.3,28.8,36,102,6.7,2.3,20400,6448,623.3,17410,521468,144891,12721.50089,2899,2.62219435743921
307,25,0,8,37,26,1080290,20,75.9,22.1,32,186,3.5,2.9,21790,7941,96.7,11213,695208,751035,15286.55272,1633,2.67375609861823
308,25,1,31,168,300,989439,25,62.1,17.3,186,532,5.1,1.8,38813,9829,417.2,22061,4344505,614839,20918.35769,26164,0.675549439947547
310,25,0,7,47,40,936855,25,82.4,16.4,71,130,7.4,1.4,22221,14369,292,25787,1172373,200633,20157.94998,7804,2.69756901837643
311,25,1,53,322,376,841399,11,79.8,14.6,347,1254,4.2,2.1,47405,9199,512.6,10975,9141594,768993,15839.67897,28708,0.025345020728362
312,25,1,21,174,225,1125623,18,78.9,11.9,178,661,5.7,1.9,45264,9344,385.6,19125,4798884,217217,16435.57725,16112,0.560170701025207
313,25,0,10,72,100,1247042,20,100.6,35.4,151,299,9.7,2.3,28546,6557,137.7,20942,2203642,199840,14946.42922,9564,1.45045795869516
314,25,0,12,91,177,1147948,24,71.3,16,126,310,6.8,2,29444,8014,260.3,11491,2186481,265269,15682.43685,10936,1.46622157772877
316,25,0,3,23,60,993194,19,77.8,66.7,47,124,8.1,2.6,22379,16421,313.8,42486,912490,117684,17393.57526,6006,2.65211910307202
317,25,0,18,153,198,1026089,16,77.9,18,218,595,8.4,2.1,29590,7848,457.5,4312,3670211,344301,13520.6423,13859,0.866259831362502
318,25,0,9,72,114,1075222,21,63.3,18,108,356,9.8,2.2,33993,6016,213.8,17390,1978407,231951,12936.70879,10299,1.82097126213749
319,25,1,60,398,585,1078120,17,78.7,13.4,460,833,4.9,1.2,45682,11819,401.9,20733,10699963,811683,22078.91598,41950,0.00554425046788459
320,25,1,45,269,349,1088299,18,68.2,13.6,289,664,5.8,1.3,41122,9805,304.6,8732,6324347,683426,19566.47932,27398,0.347395826276102
321,25,1,54,422,521,1086101,18,88.3,15.3,460,744,6.3,1.1,44408,13827,446.5,26166,10495368,590655,25550.90566,39822,0.0318461161141372
324,25,0,4,24,46,1084646,13,89.2,18.5,41,101,9.2,2,22769,6610,275,20076,580458,132493,13205.59522,4023,2.13287405133109
325,25,0,10,74,94,1063409,24,54.6,22.6,73,200,6.7,1.5,26527,7196,171.1,9834,1181237,516751,16925.55572,8569,2.57092966956106
326,25,0,3,28,51,1223056,29,39.9,18.7,20,92,6.8,1.9,21929,8479,420.4,15698,452737,208896,15713.30724,4439,3.35668326124214
327,25,0,3,27,60,1077467,20,48.6,18.8,29,134,6.1,3.2,25778,6135,295.8,11099,543852,189224,11621.78334,4017,2.77641180685758
328,25,0,4,38,50,1058979,16,82,29,59,150,14.8,2.5,21230,5965,375.8,22797,776357,263127,13308.18641,5406,2.29396596136954
329,25,0,4,28,55,1237927,21,85,20.6,47,252,7.5,4,30239,4711,233.3,39007,880253,167103,9278.938929,4563,2.05860246762503
330,25,0,10,74,89,1309295,28,90.5,18.7,115,281,8.3,2.2,26241,7746,456.3,15199,2011968,213812,14617.40003,9182,1.74595183001658
331,25,0,4,28,55,1053292,21,73.9,23.5,41,176,10.2,3.4,22029,6402,194.6,31856,722721,191007,12206.1991,5613,2.60103242810879
332,25,0,25,200,360,1186435,20,72,21.5,259,461,9.7,1.4,35743,11152,325.6,7101,4978484,308147,19520.7344,23099,0.387585163145394
333,25,1,95,372,496,961803,16,81.6,13.8,421,1004,4.4,1.5,47954,11526,445.2,46733,11016360,685458,21703.22134,43164,0.0128940871503864
334,25,0,5,54,50,772950,30,85.4,40.1,97,222,13,2.3,15617,10136,284.3,15402,1133131,305777,10617.17697,16026,2.61417616797225
335,25,0,3,29,50,702389,34,87.7,39.9,44,195,9.6,2.8,20809,9531,314.9,12248,804419,138728,9935.943142,8082,2.38602673055577
336,25,1,75,623,755,965307,20,74.4,14.4,571,932,4.5,0.9,65329,12654,583.5,13699,16967739,1824072,31922.71895,57709,4.62927394006014e-05
337,25,0,14,124,230,1057636,23,56,14.5,129,306,9.5,1.4,43710,10479,564.9,11059,3077722,477290,22869.58274,12043,1.02263858837235
340,25,1,26,200,299,921288,12,78.7,20.5,238,705,6.5,1.9,36822,10138,267.1,21529,5270893,389097,15982.446,27245,0.404638331355041
341,25,0,19,126,240,708110,19,65.9,14.2,158,536,8.3,2.7,37264,8122,408.5,12511,3394377,293971,14515.24614,13794,0.751544129400594
342,25,1,16,77,199,798570,17,37,15.8,74,300,4.9,2.7,38217,8542,820.9,6150,1943446,312194,17065.62157,9263,1.28892284452695
343,25,0,3,16,30,965306,21,58.5,20,18,101,3.2,2.9,25374,11171,271,9781,528644,69501,13229.07793,1877,2.89441252343841
345,25,0,5,51,173,843950,14,17.3,11.6,30,220,6,2.7,34316,8064,899.9,4180,965077,681067,17049.63288,7869,1.88817897994421
347,25,0,16,107,253,813815,9,34.7,14.4,114,380,6.7,2.4,31579,8929,429,11537,2489632,325087,17078.19866,16574,1.29325222721344
350,25,1,83,478,520,739706,7,88.5,11,460,899,4.1,1.1,59541,14852,883.7,22430,13983827,381395,25931.96649,45421,0.00156193684405243
351,25,0,12,50,150,822139,21,31.2,11.4,47,174,3.5,1.9,38710,8246,474.1,11387,1257958,211448,20492.03496,10370,2.03710112110725
352,25,0,7,31,52,452012,28,90.4,19.8,91,112,10.8,1.2,21066,5290,188.3,12076,926884,107292,14432.2154,5886,2.27660925678511
353,25,0,13,72,149,902955,25,55.8,17.8,124,274,7,1.6,28099,10309,114.5,16430,2075892,175848,16933.04881,12568,2.11570052506522
354,25,1,69,389,502,779673,17,68.6,13.1,344,807,4.3,1.2,53637,11351,727.1,10920,9382300,609401,23105.55681,34089,0.0150586813803342
355,25,1,66,286,391,771826,18,88.9,13.7,348,939,4.3,1.9,52837,12089,642.4,18732,9930815,349288,19989.17521,22338,0.0154793128030632
356,25,1,37,277,353,840775,21,66,12,233,423,5.3,0.9,46603,13597,595,10570,5763691,393352,26468.96091,15008,0.434190224280245
357,25,1,64,292,343,633081,21,77.8,11.2,267,800,3.4,1.5,57271,15121,776.4,26931,9045711,211106,22473.25365,29110,0.0998133522280256
358,25,0,9,72,108,689324,23,90.5,69.1,142,85,15.7,0.5,27909,7358,286.8,15236,1628240,29504,20917.71166,8552,1.76107429375084
359,25,0,8,46,94,939625,25,82.2,17.9,122,168,12.3,1.4,21837,6371,258.4,20673,1330470,168726,15154.14265,9381,2.10120541844686
361,25,1,104,445,539,592594,17,85.8,14.1,462,1272,3,2,59506,11246,616,51971,14948714,1064017,23473.61552,36984,0.000662059262085674
362,25,0,20,115,165,603641,13,55.7,15.5,92,268,4.2,1.4,43618,13199,444.3,18549,2601955,164648,20023.28006,10195,1.44103453903503
363,25,0,10,29,49,890957,26,51,16.1,25,145,1.8,3.5,26769,8107,330.2,18831,1246259,397364,27748.76712,6246,2.91469273172941
364,25,0,15,82,110,844444,21,84.7,14.6,93,327,4.8,2.6,39641,8120,445.5,14900,2285374,507970,17320.77626,14168,1.24004895218932
365,25,1,64,259,350,598768,17,63.5,12.2,222,671,2.9,1.5,50886,12062,375.5,6927,6517813,650980,21275.77045,18459,0.209801201643645
366,25,1,72,312,481,554445,15,70.3,13.9,338,1101,3.5,1.9,51789,10045,565.1,14787,9766265,819521,19100.42743,31159,0.00434590163866067
367,25,0,13,67,130,900741,21,65.5,13.3,85,429,5.6,3.5,36247,10717,254.7,12335,2840052,39370,14686.16278,6866,1.51299406353172
368,25,0,8,41,100,556688,19,89.8,92.7,90,61,11.2,0.5,32371,9531,82,36873,1253457,449796,29597.24213,7402,1.893380617826
369,25,1,96,426,449,761653,7,83.9,10.9,377,951,3,1.4,68010,13411,438.8,32628,13274580,1074590,27255.78066,35491,0.00603466131926957
370,25,1,102,477,605,656316,18,66.9,12,405,950,3,1.1,60090,14879,929.3,12061,12976063,1533796,28554.41541,32498,0.000577557592269426
371,25,0,11,79,198,683875,29,69.7,50.4,138,132,10.3,0.9,23600,7839,381.8,12899,1570234,948461,22313.2826,13063,1.66665035420726
372,25,1,167,778,763,791473,13,91,11.9,738,2998,2.8,2.1,62511,18957,534.4,43216,32298365,3190226,23175.02493,112148,5.32613095241234e-11
374,25,0,6,19,52,779458,20,44.6,21.2,40,146,6,5,21914,6140,89.6,5725,679388,10133,10207.1881,3468,3.04144881454188
375,25,0,3,22,35,848972,9,60.6,13.7,31,82,10.5,1.7,24294,5780,42.5,11379,430895,95836,11865.8989,2641,2.75738809857298
376,25,0,11,72,157,587947,28,50.1,14.3,79,317,5.6,1.8,34773,8638,72.8,15664,1787700,726966,14584.80006,8795,2.00238151162197
377,25,0,9,62,110,763481,21,72.6,20,125,207,11.6,1.5,23522,7992,86.7,23885,1748386,141790,15294.88364,10233,2.22613563450329
378,25,0,4,24,32,934809,11,53.4,17.7,53,111,9.2,2,17956,16395,91,13132,931783,74848,15541.69729,3818,3.26667056885942
379,25,0,7,26,55,491082,16,52.3,18.9,56,174,6.9,2.1,20846,5604,60.7,33369,733333,427179,13085.16974,6384,3.06192549147333
381,25,0,11,89,170,766379,23,47.8,10.2,81,442,4.8,2.4,64297,8781,420.2,13762,3041661,187969,16410.06836,11014,0.879854817512717
383,25,0,19,103,180,887032,22,64.5,15.3,116,347,5.3,1.5,39836,8931,260.1,18727,2711443,616282,18815.48567,15100,1.31691168791525
384,25,1,112,435,508,582395,15,76.9,11.8,424,1302,3.2,1.7,57076,17914,523,22989,14987547,1643156,25085.55691,46243,0.00180931602790343
385,25,1,77,407,447,665947,15,81.6,11.7,365,1348,3.3,2.8,55732,10436,677.5,30477,11612195,1461937,20093.20826,47540,0.00512770666015712
386,25,1,49,185,300,887434,17,80.7,13.1,242,831,4.9,2.9,47709,10080,136.6,30165,6802380,909953,19058.15726,26725,0.207798106169411
387,25,1,42,160,290,606094,5,70.8,11.2,205,644,3.1,2,45433,9361,440.9,28373,5634349,828708,21482.33054,22057,0.25434959781534
388,25,0,3,14,43,720472,12,55,21.7,24,54,5.9,2,20959,6507,64.2,25769,305742,177599,15768.10678,2627,3.09567955057782
389,25,0,4,28,52,1527268,21,50.4,16.3,26,191,4,5.3,26357,14117,272,61075,1013883,455236,17707.61947,4561,3.30930604128846
390,25,1,90,486,512,768812,19,83.3,12.6,426,1118,2.8,1.4,69538,13119,579.7,33028,15676695,1709524,27679.35624,50589,0.00193476993071548
391,25,1,59,268,316,750644,17,73.5,13,232,851,3.1,1.8,50153,9424,603.6,30291,6873726,942590,20485.57154,28976,0.196909381270058
394,25,1,90,316,410,761660,4,87.4,13.7,358,1035,3.2,1.9,56575,9974,474.8,10538,10850117,692688,21691.15637,26328,0.00264644709849564
395,25,1,89,527,530,747349,17,89.2,11.1,473,1471,2.9,1.6,61578,13338,516.4,16328,16319293,1108362,22833.84492,38815,0.000415361811829764
396,25,1,97,381,417,761107,14,79.7,12.2,332,1188,2.8,1.6,62099,9911,481.6,14809,10884701,790866,20167.67484,24269,0.00530221079797244
397,25,1,66,306,401,657898,16,75.9,11.1,304,977,2.9,2.1,53723,11245,540.6,27635,9379454,737399,20295.05844,27444,0.0367026708147212
398,25,0,14,79,136,984173,20,85.3,13,116,435,6.1,2.2,30964,6688,151,23834,2332695,145554,11232.9513,9213,1.34437229249785
399,25,1,76,316,403,755404,18,79.3,12.6,319,934,3.7,1.7,49786,12454,520.2,26750,9415487,1177728,20967.89951,26432,0.048912694719596
402,25,0,6,38,99,1105000,20,68.5,20.8,68,264,7,3,25055,13075,183.8,9965,1561823,176379,13825.2682,8097,2.1195169475516
404,25,0,2,34,30,1328750,17,53.1,17.4,57,53,22.2,0.7,15951,8441,145.2,6879,462738,290524,19521.04608,4291,3.35771255100608
405,25,0,16,126,161,418911,9,71.6,18.8,153,480,6.2,2.2,30678,8286,391.2,11245,3262595,407147,15715.97741,12427,1.20247090579343
407,25,0,6,41,62,1052722,29,52.8,14.3,63,226,6.2,2.5,20763,13211,291.7,4489,1454744,385895,17067.09959,7163,2.93845825767819
409,25,1,80,511,539,769850,18,75.7,15.5,439,1050,4.8,1.1,46806,10763,627.4,13295,10707106,987608,19784.50555,41606,0.014660613774845
410,25,1,56,306,408,695121,22,78,14.5,361,942,5,1.8,42825,8847,501.2,21983,8019790,1007491,17765.22882,33068,0.0768909685861869
411,25,1,65,285,405,665867,17,85.5,14.4,347,884,4.1,1.7,41919,14129,456.8,18270,9026430,660004,20230.41074,37009,0.0526204391244477
412,25,1,23,121,175,748759,15,82.8,16.4,145,403,4.8,1.8,36423,9083,326.8,32647,2985516,325581,17203.75462,18036,1.08044489556765
413,25,1,23,132,195,774975,19,76.6,18.1,149,417,5.7,1.7,39999,10707,351.1,15974,3458587,345332,17578.47427,13804,0.945288885223313
414,25,1,19,120,159,851965,24,65.5,16,144,481,5.5,2.2,32355,9759,349.6,22791,3125641,309316,14765.79068,16030,1.57761203695185
415,25,0,12,76,194,879264,23,54.8,17.1,106,490,6.6,3.2,37194,8825,428.6,28334,2652458,352611,12956.38963,17503,1.27928458204332
416,25,1,42,225,280,579805,21,82.8,16.3,244,477,6,1.3,38097,10394,79.9,18852,4957659,335819,19147.56522,22233,0.707797289084783
417,25,1,58,272,300,722060,20,86.9,13.5,282,789,4.8,1.6,47527,10609,393.3,24277,7221362,326065,17552.93094,31314,0.233375849330461
418,25,1,17,113,146,918191,18,83.4,18.9,160,548,7.9,2.4,29826,8751,430.7,19384,3104208,278540,12115.01045,12540,1.1612175925079
419,25,0,14,99,160,916238,18,74.4,19.2,141,511,7.6,2.4,32111,15619,98,20785,3748669,267352,15652.08421,12865,1.42989086378876
420,25,1,28,166,226,729985,19,75.9,17.5,172,494,5.1,1.7,41164,10833,432.9,16829,4050021,463928,16373.56946,15417,0.750108518425168
422,25,0,9,90,99,677648,26,75.3,18.2,110,260,8.7,1.7,26675,7442,266,25289,1745208,569053,14194.82414,11416,2.20291866411251
423,25,0,6,32,80,662083,19,58.5,17.9,47,125,5.9,2.1,27913,6506,479.4,12193,806605,92750,14422.25231,5978,2.26465121414665
424,25,0,6,37,60,790000,21,74.9,21.3,76,175,9.1,2.4,22866,6114,65.9,18569,993474,149401,12802.576,7345,2.47715685796052
425,25,0,6,35,60,798542,23,78.4,19.1,82,163,10.3,2.1,21328,5594,204.7,6002,963215,106723,11176.24825,5116,2.293886305006
426,25,0,12,58,100,749861,15,88.8,17,89,457,6.8,4.6,31712,7316,242.6,28799,2032424,512919,10871.04722,13090,1.35289832339817
427,25,0,15,67,120,1012430,22,80.1,19.2,96,472,5.3,3.3,32127,7648,411.4,24936,2161904,380001,11244.46749,10535,1.36168853591023
428,25,1,16,105,174,980147,20,79.7,21.8,139,430,6.9,2.4,37538,9108,164.7,18660,3094035,153182,14897.33009,14948,1.10009629606693
429,25,1,42,207,330,856944,10,82.5,17.2,272,726,5.1,1.9,39742,11097,423.7,40240,6529389,839838,18321.31661,30092,0.222241262492209
430,25,0,12,53,105,994227,24,61.5,16.2,65,276,4.4,2.5,27540,7921,298.6,30286,1440428,334974,14879.26726,8291,2.26305040155542
432,25,0,3,23,39,853694,21,63.5,22,50,106,10.7,2,16997,8287,86,13264,576981,92138,12073.55111,3964,3.07786507720405
433,25,1,43,220,296,880724,6,80.4,15.3,359,782,7.4,1.5,31267,8948,289.4,25974,6228506,1185966,16766.68387,32339,0.365294585618333
434,25,0,4,28,42,995479,26,75.3,42.8,86,59,14.9,0.6,15766,13460,134.1,15074,718622,219768,18872.36656,13376,3.03552170803876
436,25,1,76,291,402,923789,6,73.9,13.5,297,770,3.5,1.5,44375,10314,283.6,22659,7543625,834429,21835.13885,28066,0.0856565400052634
437,25,1,46,249,250,735253,17,85,10.6,243,675,5.3,1.5,46890,13037,591.7,34864,6750495,543280,20926.71084,23343,0.465613645052155
439,25,0,9,50,183,809309,18,28.8,14.3,77,237,9.5,1.9,31439,10255,76.3,14899,1850672,522138,21879.01579,11401,2.21698025751871
440,25,0,14,63,141,577789,20,74.4,18.9,134,322,8,1.9,28606,8450,177,8958,2201864,134329,13314.20932,10272,1.51382593772464
441,25,0,9,33,54,988102,14,93.7,18.9,99,158,10,2.2,25338,10722,421.6,24840,1646815,433582,17233.19652,11666,1.8682054229256
442,25,0,5,34,86,1116143,28,53.9,16.8,73,156,7.6,2.4,23766,9345,418.5,17741,1283084,103880,16828.46204,8220,2.66549879810486
445,25,0,9,42,90,893282,21,37.8,12.6,38,238,3.1,2.6,33513,11958,708,25781,1256531,630803,14759.74787,5842,2.45770911385762
446,25,0,8,34,61,722177,14,96.1,24.7,84,185,10.4,3.2,27976,9013,433.5,37439,1388512,434434,14260.84432,6995,1.7595991685429
448,25,0,1,6,11,1137083,24,33.3,30.8,20,46,7.5,1.6,13607,9615,31.1,7563,280693,81086,16457.07763,1636,4.13161185416626
449,25,1,32,191,260,862616,23,80.1,19.1,209,577,6.2,1.6,41126,10853,588.6,12775,5341057,367125,18430.41584,15991,0.484063266545743
451,25,1,17,149,230,1058093,21,51.5,13,164,385,7,1.2,34059,10735,428.8,11171,3553181,532466,20387.8983,16744,1.36632603262625
452,25,1,43,206,243,989694,18,85.1,11.5,253,819,5.1,2,41236,9605,339.2,14755,6242354,426555,17016.72715,22835,0.376117906221117
453,25,0,11,51,60,1177050,24,78.4,10.4,47,265,3.1,2.3,29591,9902,349.3,43493,1520555,355200,16300.45662,6858,2.31439579995007
454,25,0,6,44,62,1104375,32,77.4,17.7,95,184,9.9,1.7,21490,10665,407.5,9334,1444133,83332,14716.83606,6523,2.42998816154748
455,25,0,9,49,79,1340186,20,77.5,15.2,76,293,6.2,2.4,29187,7878,558.6,23959,1646543,566742,16093.5442,7442,1.80597600432605
456,25,0,8,32,49,799802,28,67.1,18,82,261,10.3,5.1,20700,7020,125.1,5264,1195002,183575,10731.97013,5064,2.63225843395157
457,25,0,10,62,110,982798,24,77.3,17.5,127,312,12.1,2.7,22593,8151,330.5,15399,1904139,89541,12681.63011,11246,1.8911851358209
458,25,1,66,328,390,840104,18,82.6,12.7,322,824,4.3,1.2,63268,12515,368.8,33331,10690361,493982,24551.0268,34467,0.0457995624084251
459,25,1,26,170,300,842623,20,61.1,16.7,183,449,5.9,1.3,49807,12095,661.2,11277,5181493,684368,24360.95457,21682,0.4060546684981
460,25,1,53,281,315,533009,17,86,14.7,308,791,3.7,1.7,44193,10624,492.5,14563,7606998,273335,18580.31087,23106,0.188861792814613
461,25,0,17,90,140,992135,19,72.4,19.6,101,305,6,2.1,42868,9974,362.4,26094,2660765,154833,20557.21709,13027,1.33959462343646
462,25,1,120,454,559,676496,7,85.7,13.1,525,1524,3.6,1.8,56217,10698,683,39551,15430992,1002966,19938.38625,55413,2.92610854567374e-05
463,25,1,162,652,857,839217,16,85.3,13,738,2350,3.7,2,63037,20734,707.1,23724,29366170,705490,24394.77074,79046,6.82990636444113e-13
465,25,1,15,66,122,879236,6,91.1,16.2,111,306,6.4,2,37457,9459,107.8,22055,2412767,74812,14209.48063,10581,1.09756911078743
466,25,1,39,195,271,889127,17,70.1,16.5,190,621,4.1,1.8,47514,11295,176.9,15120,5333435,247728,19676.04344,26158,0.504436822989749
468,25,0,3,22,34,907667,18,89.1,20,47,117,9,1.6,23028,12528,223.5,12037,852171,128283,15456.19779,3040,2.30798088439981
469,25,1,37,141,350,841433,21,51.2,14.8,179,670,3.3,1.9,43855,12879,204.3,18859,5439798,922608,18772.06383,23807,0.381109308559794
470,25,0,4,38,58,1200310,16,68.7,18.7,62,240,8.7,2.3,24911,7622,223.8,36382,1087723,450650,11445.60464,6237,2.52073412290764
471,25,0,15,80,100,811861,20,99.1,13.6,143,397,7.6,2,33308,9743,314.6,34836,2888530,221552,14002.28311,15040,1.33004022544856
472,25,0,6,33,60,632208,32,85.4,16.2,51,219,6.4,2.8,27254,8399,269.3,20414,1069159,129353,11194.39878,7393,2.18765717796154
473,25,0,8,30,50,568563,24,67.6,13.2,61,176,6.7,2.2,25458,9280,211,24256,1102281,170632,15177.73539,6954,2.65573468798659
474,25,0,10,41,99,952992,25,65.5,22,103,225,9.9,2,25489,13947,96.3,18947,2010323,159150,18505.80521,15213,2.39465372132615
476,25,1,78,321,500,806357,18,67.3,13.3,337,773,3.8,1.3,54938,14557,582,14809,10762308,352778,26242.2214,45309,0.0112447983857831
477,25,1,96,416,467,757646,13,83.2,15.2,420,1009,4.3,1.2,47280,15332,597.1,13161,11455664,707644,22368.71651,33693,0.0130543031678302
478,25,1,56,401,504,1009918,19,84.7,12.5,428,928,5.3,1.2,49988,13394,601.8,10396,11533607,791985,24597.27442,30812,0.00866757051096598
479,25,1,106,426,498,850274,15,89.8,13.8,447,1198,3,1.3,55176,12533,582.1,26499,13433733,665109,23528.24083,42474,0.00114315411609431
481,25,1,92,438,564,831423,15,75.9,14.1,442,1007,3.5,1.2,51666,16097,539.9,23635,12936069,1189816,24816.29466,48212,0.00324977360343878
483,25,1,14,116,200,1137678,20,49.3,25.7,145,294,7.3,1.3,33472,17615,490.1,26866,3335563,1006570,24708.45321,19523,1.78258201382283
484,25,1,26,182,202,958311,18,81.4,14.2,195,512,7.5,1.6,41534,8655,347.9,16725,4435324,787958,19063.30433,17194,0.814242735358219
485,25,1,10,85,131,1111448,21,90.2,21.8,118,366,7.4,2,36998,8256,267.6,22145,2490334,387752,15173.80279,9766,1.19986950310359
486,25,1,14,143,175,1275024,25,62.9,15.6,175,380,9.5,1.7,31478,9632,494.7,20979,3199882,2105801,18415.68308,21651,1.66120182476719
488,25,1,168,686,811,751791,14,89.1,13.4,727,1986,3.5,1.7,57974,14242,642.9,23418,23383438,1535050,23329.92138,57083,4.31395522079698e-10
489,25,1,138,631,700,714260,12,93.2,13.9,629,1169,3.6,1,56626,14894,549.6,35757,18213996,912223,27692.0871,61050,2.13143370053768e-05
490,25,1,131,560,560,649929,17,91.7,11.3,529,1614,3.2,1.7,62195,13900,464.9,30948,18142072,1585554,23848.51476,47674,7.81896204630114e-05
491,25,0,6,73,90,680467,25,84.1,18.7,122,154,14,1.1,31095,15504,479.4,11914,2092230,166398,22440.21243,8560,1.88905166813099
492,25,1,85,353,499,612184,12,80.6,10.9,402,978,3.7,1.3,52323,12867,653,12681,11260867,414786,22091.93965,37739,0.0019393387315817
493,25,1,117,504,556,568058,13,83.7,11.8,461,1290,3.6,1.4,54492,12187,693.7,29958,13674603,578417,20738.09095,49338,0.000537433559448969
494,25,1,87,435,440,764436,14,83,12.7,413,1261,4.4,1.6,50130,10313,472.2,35885,11399068,815119,21916.3107,44670,0.0211165180820726
495,25,1,64,277,440,728630,6,79.6,15.8,350,784,4.2,1.3,41942,10512,293.1,22919,7908700,698998,20298.62047,28667,0.0368889041072682
496,25,1,46,258,320,748274,12,78.9,12.1,252,790,4.7,1.8,46119,10503,417.8,26985,6563712,862709,20074.31967,27427,0.219951378816235
497,25,1,47,257,400,851024,17,69.9,14.1,280,839,4.6,1.6,45039,11838,361.4,15353,7302925,880106,20363.25241,26176,0.104131002412011
498,25,1,45,258,382,942227,17,67.6,13.3,258,731,4.4,1.5,47777,8580,399,21465,6360792,769003,19359.5468,27534,0.15910864599465
499,25,0,29,180,270,761106,20,72.4,18.1,195,562,5.9,1.8,41761,9763,529.1,6659,4559119,439477,16632.10221,17842,0.472000330314364
500,25,1,106,504,558,801217,8,90.2,12.5,503,1576,2.9,1.8,63786,16755,959.9,18347,18925654,668615,23621.12053,43704,5.63360600063139e-06
501,25,0,32,153,392,693895,21,38.1,14.6,150,453,4,1.6,42072,9139,402.5,3351,3557683,674000,20453.45873,18895,0.405073879735733
502,25,0,23,122,201,1031383,20,58.3,13.6,117,408,4.4,1.7,40013,13355,466.1,19961,3580571,436998,20003.27202,24006,1.22421739979385
507,25,1,95,514,651,773578,20,85.6,12,584,1636,3.3,1.8,55650,17166,649.3,28008,19452115,685417,23341.3711,65693,8.70157556065002e-06
508,25,1,140,509,566,667421,8,73.5,10.9,416,1625,2.8,2,72424,14903,682.8,26196,17446855,598507,23101.22623,48144,8.24803775187545e-06
509,25,1,35,171,285,965251,17,71.3,13.6,193,516,4.6,1.4,44162,11283,522.2,6660,4935560,682403,21538.07214,19843,0.371646938575973
510,25,1,46,256,326,742888,8,84.3,14.7,275,638,5.7,1.2,49492,16312,610.4,20109,7707099,592690,22995.21973,23848,0.142655035155668
512,25,0,15,118,199,1325646,21,80.6,17.4,208,456,14.3,1.5,31077,13791,483.3,13175,4148514,126858,18237.89817,19705,0.97813807483459
513,25,0,7,47,100,895089,20,54.6,18.2,55,171,7.8,1.6,31342,15308,316.8,23674,1354112,239862,19147.01176,6980,2.42330655832081
514,25,0,15,95,241,1088702,22,40.5,16.2,98,229,6.4,1.1,39151,15175,545.7,10290,2597133,773378,27990.82569,15528,1.36689168544629
515,25,0,3,10,30,1383944,21,70.6,27.3,21,69,6.6,2.4,17452,6310,39.1,11645,295943,159878,14520.21309,2087,2.96754161016671
516,25,0,2,13,20,1237042,6,100.3,16.4,48,124,11.5,1.9,21502,4854,233.8,18882,584908,72525,10105.76617,3964,1.9539326253237
517,25,0,1,18,33,1429667,35,56.3,15.8,30,141,4.5,2.4,21826,6780,78.4,4325,606501,156982,12368.46912,2776,3.21205947654864
518,25,1,20,134,234,1061840,12,64.6,19.3,180,362,6.8,1.2,30543,10031,427.9,16041,3113230,832111,18085.76556,20557,1.06677140210203
519,25,1,75,456,488,757949,20,82.4,10.8,402,964,3.3,1.3,50336,10784,551.2,21366,10523481,1282372,22948.7575,51928,0.0247142205998344
520,25,0,15,103,159,681184,24,69.3,22.2,146,346,6.4,1.6,25981,11781,274.3,25115,2706715,226345,15735.43824,15260,1.85698905862937
521,25,0,4,25,50,1154042,12,44.8,17,22,122,4.8,2.4,24177,12376,114.8,16767,639083,111235,15126.90259,3244,3.1034540951316
522,25,0,4,34,120,900604,26,30.9,16.4,37,178,4.2,2.1,27895,17397,657.9,15755,1235231,239283,19144.00765,5969,2.7059248152411
523,25,1,59,295,409,709359,14,76.4,14.1,313,968,4.4,1.7,44964,10461,371.2,34066,8081101,921227,18734.4412,34343,0.0730004545369774
524,25,1,54,255,340,817051,6,86.7,15,296,936,5.4,2.5,51767,11065,594,29373,8761826,631731,18980.94423,28564,0.0378824493552474
528,25,0,14,73,100,950205,19,75.5,15,76,283,5.5,2.6,37815,8812,208.3,25208,1905301,372192,16640.99668,9947,1.72122400337751
529,25,0,11,103,152,962929,21,79.4,18,164,429,15.1,2.8,28685,14458,320.7,13906,3582247,143862,16492.9936,11366,1.44360153781464
530,25,0,16,80,110,927805,14,81.4,12.4,146,332,6.9,1.5,24659,8520,466.1,12594,2257943,168935,14139.88651,9462,1.53776832418073
532,25,1,61,269,450,764027,17,74.2,15.1,336,889,5.1,2.1,48716,12540,408,19745,9096322,614582,19758.922,32838,0.0228763506980041
533,25,1,73,305,400,768380,18,79.4,13.4,318,1023,3.4,1.9,54459,14095,686.8,28501,10332529,1365363,22031.2341,30575,0.0228178360705684
534,25,1,98,542,599,762275,6,93.4,12.7,560,1258,3.3,1.5,55056,13497,688.1,25804,16306813,1271806,25140.21882,67544,8.1695650104857e-05
535,25,1,68,283,364,624238,24,87.9,12.2,320,916,3.2,1.8,52830,11087,577.1,25979,9137402,314600,21166.40289,38778,0.0460532407867331
536,25,1,72,278,431,763613,20,86.2,16.1,371,1006,4,1.8,49390,11104,570.2,10345,9930162,602869,20436.50382,29487,0.00625756583380051
537,25,1,49,193,230,722856,16,79.3,10.8,182,652,3.3,1.6,46604,10133,438.3,29844,5193948,520894,17661.38103,17425,0.508238907207511
538,25,0,40,169,249,795741,21,78.3,12.1,195,613,3.3,2.8,48200,10075,185.5,23804,5708488,670791,20042.34708,20693,0.494024623504831
539,25,1,43,238,327,726721,21,55.6,9.9,182,694,2.6,1.6,51248,9305,563.3,6247,5703492,457377,19715.11228,17390,0.304350890695689
540,25,1,77,296,380,864135,17,86.8,10.9,330,830,4.3,2.2,56412,15186,652.4,33143,10571311,882376,25219.12848,39160,0.0332483781604203
542,25,1,50,191,307,746512,17,62.3,15.9,191,546,3.1,1.5,49715,12253,602.2,11297,5449825,410968,28825.8248,21058,0.301293791976874
543,25,1,70,276,317,746314,19,95.9,10.3,304,795,4.8,2.6,53089,11187,562.4,27230,8531948,198926,20861.46808,29159,0.0756384739566392
544,25,1,100,389,573,725199,16,68.8,12.3,394,1212,3.3,1.8,52664,12957,177.8,19950,11826255,920817,22398.30089,38361,0.0013234790159061
546,25,1,43,115,257,686946,21,50.7,11.4,130,499,2.6,2.2,45490,10482,484.4,7925,3952770,661740,21483.80774,19102,0.633712309302512
547,25,1,28,143,199,678643,21,79.2,16.4,158,332,4.1,1.3,45983,11456,434.1,36785,4178705,346625,25905.90439,17016,0.961141326722704
548,25,1,75,272,414,625921,7,72.7,13,301,863,2.7,1.6,56315,11667,715.2,27176,9205314,614661,21617.21038,29295,0.0126200115975023
549,25,0,2,16,61,1180750,18,50.9,23.6,31,52,9.3,1.5,23754,17359,736.5,6609,567763,61657,20758.17792,3423,2.68325680576217
550,25,1,59,222,416,804305,17,65.7,14.2,273,843,4.2,1.9,54475,13081,454.1,18228,8578821,353502,21420.39083,23205,0.0318850437736386
551,25,1,52,243,320,1164441,19,89.8,14.6,287,601,0.5,0.1,49691,12172,632.2,34935,7476422,543590,22726.30507,23674,0.171388132054339
552,25,1,79,342,446,739309,17,71.8,12.2,320,954,3.9,1.8,49658,11875,456,16841,9308795,619498,21719.74366,30715,0.0328314072707969
554,25,1,32,181,290,974783,5,51.9,16.6,151,622,4.9,1.8,44183,13538,688.8,13997,4773623,345243,19199.0076,26685,0.446223926739738
555,25,1,24,164,250,862151,20,59.1,11.6,148,414,3.8,1.6,46193,9432,755.3,7956,3804284,661097,23331.79935,14540,0.665287129763
557,25,1,48,249,300,786764,7,83,11.3,249,656,4.1,1.8,57264,10264,532,24143,7467113,919777,23075.75872,22928,0.121569570966562
558,25,1,41,222,260,752012,17,84.4,15.7,219,572,3.5,1.5,45918,9271,720.9,14365,5305350,448259,20397.24642,18445,0.320743247326643
559,25,0,18,136,205,1128602,26,66.1,16.4,135,380,6.4,1.5,38546,11270,436,15364,3137432,171791,19086.62322,13497,1.21864856892787
560,25,0,5,36,110,998550,21,38.7,21.3,43,99,6.3,1.4,22591,6123,266.9,9672,582926,581105,15723.13332,5986,2.78735505980126
561,25,1,94,444,431,807010,13,92.7,13.7,440,973,3.4,1.3,51727,12783,499.4,25398,11919851,1150208,24233.70658,36885,0.0232959114887689
562,25,0,31,327,358,887618,23,81.2,23,338,587,8.2,1,38446,11983,416.2,31204,6727395,1506840,21942.85672,35498,0.528835950430923
563,25,0,3,23,50,880500,15,60.8,18.3,30,55,9.8,1.7,22437,16068,242.6,12624,486951,86113,18494.18211,2995,2.87876663297909
565,25,1,43,285,320,773872,14,77.1,14.8,247,885,4.5,1.8,45311,9999,452.5,11632,6639198,378619,15489.21777,23051,0.20474494750822
566,25,0,8,35,129,802689,12,25.7,13.7,33,237,2.4,2.7,28178,8475,497.8,6767,869675,1490262,22340.65956,8182,2.32621259412593
567,25,1,18,83,176,718776,22,67.3,18.3,118,398,5.1,2.3,34379,8989,286.9,30495,2493809,284754,16280.76351,16249,1.39643017713052
568,25,0,16,72,275,702823,19,39.6,21.7,109,392,6.3,2.9,33827,6788,138,10690,2238857,205224,14368.58885,15699,1.11930397148007
569,25,1,29,122,220,674983,16,61.1,11,134,265,4.2,1.3,41357,11066,441.9,17820,3050927,283784,22477.36464,12249,1.04543943057966
570,25,1,44,176,300,829149,18,72.1,14,216,616,4.2,1.9,47483,9977,529.6,29467,5663870,400646,19874.10103,23410,0.289451103674369
571,25,1,14,93,153,747527,20,56.5,15.3,86,297,4.4,1.6,39206,8089,395.8,14773,1986738,251998,17221.5816,14675,1.57000754683638
572,25,1,44,197,300,863625,14,87.4,17.3,262,566,5.5,1.6,43081,12387,516.6,26181,6180387,335959,20878.39984,21878,0.243021279178811
574,25,0,4,24,48,877292,16,36.2,18.8,34,108,5.8,2,19683,12247,50.1,6474,623360,147483,15033.10824,1838,3.45686325666095
575,25,0,9,54,90,835593,18,77.6,19.4,111,210,8.4,1.6,24152,13122,341.8,5485,1732100,186019,16333.11996,6502,1.96155701092903
576,25,0,13,126,100,874722,24,70.2,18,208,291,13.2,1.4,20365,8786,150,14342,2443361,566242,16036.74198,18818,2.48372170739675
577,25,1,43,219,300,781934,20,75.2,15.8,226,493,4.8,1.2,45809,11867,210.9,27665,5576363,495693,21887.90748,22708,0.54892688056541
578,25,1,39,172,300,671441,17,64,15.9,269,623,6.2,1.5,29484,9272,371.7,18419,4553781,670456,17613.01677,25126,0.634845810234704
579,25,1,57,277,340,747800,16,82.6,13.5,281,529,4.7,1.1,48336,12440,523.8,20363,7152043,747102,24276.15424,24324,0.21284900149088
580,25,0,10,35,60,891692,19,87,18.4,95,267,8.5,3.1,22473,12520,191.5,34421,1722689,233287,13934.30712,11582,2.23259094606751
581,25,0,9,48,52,691213,18,94.5,17.9,94,205,8.8,1.3,20892,8233,203.4,45533,1285482,516189,12823.62212,12639,2.32075817829311
582,25,0,15,80,49,722100,23,86.4,22.3,172,285,9.7,1.4,20133,7673,86.9,19790,1965797,437739,13632.25922,15798,2.41179394109923
583,25,0,7,42,99,662833,18,71.1,28.8,70,166,7.9,1.6,29644,9437,314.4,21212,1392110,212060,17199.30346,8247,1.99203371019224
584,25,1,70,337,416,760237,22,83.9,15.3,385,838,4,1.4,42648,10614,460.8,29119,8830009,1135125,21852.93294,35869,0.0935138131135834
585,25,0,16,96,147,709282,22,78,16.1,157,296,9.8,2,27291,8489,660.4,24672,2480568,275645,17738.00236,15035,1.48271780957768
586,25,0,17,155,280,1000077,26,49.6,17,178,381,8.5,1.2,32112,8549,340.3,7459,3198390,309407,18992.05528,13142,1.20765187424599
587,25,1,15,109,151,738446,29,72.4,19.4,149,290,9,1.3,28348,9938,496.5,13076,2505139,337214,18084.43848,12374,1.70073777097933
588,25,0,6,30,48,842000,11,46.1,12.4,22,172,2.5,3.1,32359,6550,295,40846,621025,260493,12703.6718,3595,2.8018018452411
589,25,0,8,47,98,1039691,19,68.5,13,67,202,6.7,2,28655,7808,308.7,23867,1223943,323398,15145.85731,8178,2.07555692349624
590,25,0,16,86,91,1097203,15,77.2,13,88,453,4.9,2.4,35385,8547,91.6,27673,2257372,415551,18518.40073,9500,1.69672200615922
592,25,0,15,69,165,824127,4,68.6,16.2,141,396,8.4,3.3,28707,6152,173.8,6144,2227802,127158,11054.38637,12112,1.14664356777597
593,25,0,14,78,199,759330,9,54.9,17.5,109,279,6.7,1.6,27896,8001,334.1,4562,1835392,231089,16139.54244,10895,1.35694275290063
594,25,0,11,78,160,618848,23,56.5,21,107,231,7.5,1.9,28590,7802,296.3,6833,1769206,296006,15417.68663,11571,1.85888679806973
595,25,0,10,92,120,784992,29,85.3,16.1,126,333,12.6,1.7,30319,7564,521.1,16492,2178946,370532,14735.85818,12444,1.52171809832299
596,25,0,7,47,54,344214,22,84.7,14.7,80,178,8.6,1.9,20449,6639,360.2,27837,1018192,188958,13330.38123,8307,2.36545339380986
597,25,0,6,49,90,753877,24,75.3,18.1,68,185,7.2,2.3,30608,8870,493.3,36806,1338391,483326,15950.57664,7566,2.07367653289201
598,25,0,4,30,40,897542,10,78.5,14.6,66,226,11.1,2.9,24774,9550,195.5,16619,1205096,73038,10844.91462,6545,2.21767983999176
599,25,0,5,30,50,935373,28,93.2,18.7,47,343,5.1,4.6,33895,11438,160.5,32641,1812023,72559,12716.48753,5550,1.91393468234074
600,25,0,6,43,50,928181,7,84.4,16,88,146,12.6,2.2,21694,11280,221.1,25554,1288523,220336,16287.12095,9830,2.27497976850987
601,25,0,4,26,40,918646,5,84.4,18.2,70,120,13.3,1.7,19586,6050,70.5,26061,803223,186999,11773.46792,6642,2.37071538918083
602,25,0,5,51,57,1450459,24,94,16.2,96,219,9.9,2,26069,6283,334.1,18844,1366879,199925,12975.29028,7875,1.92666895278599
603,25,0,7,43,48,931143,23,75.7,18.2,65,251,8.9,3.5,20934,9239,119.9,18589,1252846,61654,10904.63846,5062,2.59662529771097
604,25,0,5,16,49,893413,21,96,36.2,47,145,7.6,4.5,19136,5686,30.6,17469,625572,78964,9331.763699,2909,2.21005453827504
605,25,1,47,301,330,819961,7,75.6,15,249,548,4.5,1.1,55884,11776,29.6,20023,7313864,316457,25076.98733,28438,0.308665335081073
606,25,1,20,139,162,939449,20,89.6,19.8,215,538,7.4,1.5,31739,9162,414.9,28589,5094641,1148850,18379.68673,20505,1.07327403804147
607,25,1,100,489,500,802205,17,82.9,11.8,415,850,3.3,1.1,69065,20951,938.7,36464,15617972,591999,32711.15058,49520,0.00535562322822847
609,25,1,65,258,350,708884,14,87.7,15.1,307,722,4.7,1.4,43990,14607,416.4,20722,7829463,287147,20061.1526,22790,0.120131080097093
610,25,0,5,23,54,758133,20,81.7,25.9,44,147,7.2,1.9,23164,10698,108.8,21929,868455,333336,17308.62799,4099,2.42484166117663
611,25,0,2,22,44,1010083,34,76.1,21.7,33,97,8.9,1.9,21669,11100,160.9,23109,592441,78342,15640.02107,3529,2.94007118850985
614,25,0,7,33,45,640447,15,79.4,14.8,58,146,7.1,2,23519,7374,238.5,19778,835444,192681,14003.49181,4519,2.33856958042828
615,25,1,16,88,100,899342,17,81.9,13.3,82,292,4.7,1.8,46297,8364,375.3,26974,2227181,402076,18267.05736,9722,1.3061226108067
616,25,0,5,11,58,926217,16,88.9,28.9,52,117,8.8,2.3,19069,12229,75.7,7448,780198,67526,13335.12199,2974,2.20688196567913
617,25,0,4,11,60,881854,9,67.5,30,40,113,10.1,2.3,20044,9893,239.3,4851,642925,81619,12124.64858,2968,2.36606595260648
618,25,1,16,139,210,847318,15,61.8,17.2,130,343,7.1,1.2,41313,12207,622.7,11221,3148370,153604,18113.91005,10744,1.00770645915519
619,25,0,9,88,40,858495,13,84.7,20.5,233,159,17.6,0.7,21096,5863,198.5,14406,2205416,130948,15379.57786,16464,2.36111347274284
620,25,0,6,83,96,1060417,26,75.1,29.3,119,201,12.7,1.3,24379,10344,278.7,22909,1724580,633353,16630.04281,8950,2.35614791449403
622,25,0,8,50,125,973208,24,70.5,65.8,89,188,8.3,1.6,20072,9551,164.5,42622,1195542,799927,20227.84234,10186,2.44737589782047
623,25,0,4,16,36,1116458,24,95.7,90.8,34,119,6.2,3.1,17074,7317,139,39995,491739,127701,11467.31131,4396,2.61780988611713
624,25,0,7,40,39,981452,19,82,23.3,74,168,8.7,1.7,19646,10992,284,46986,1118216,472012,16033.49938,10109,2.76699520956197
625,25,1,58,266,339,723549,21,75.4,11.7,255,469,3.5,0.9,61614,15443,487.6,37486,8224908,1207609,34208.1889,30240,0.238688775142717
626,25,0,4,26,60,881958,22,84.5,36.1,51,78,9.9,1.8,23102,8934,355.6,24831,688305,82835,17147.15939,5537,2.31072825133835
627,25,0,3,19,60,598833,21,56.9,25.1,34,107,7.9,2.3,23962,16211,200.5,11299,752677,50198,15639.48314,3495,2.87012714055975
628,25,0,3,17,40,876417,16,79.4,18.8,32,92,7.7,1.7,26557,5812,166.9,11525,469345,92772,12843.15068,3432,2.27268453940503
630,25,0,3,14,50,642611,29,38.8,26.7,19,99,4.6,3,20039,9550,16,3727,427386,83327,11992.7792,2894,3.51950701646688
631,25,0,4,23,45,831667,23,52.2,41.9,23,84,5.9,1.9,21274,4958,26.4,25371,299096,209087,13734.78428,3366,3.30038934842948
632,25,1,13,82,120,960403,7,79.3,13.1,95,309,7.2,2.5,37193,11105,307.1,34352,2314070,83122,15303.87224,12311,1.42173918458793
633,25,1,48,230,341,739567,19,59,13.2,213,439,4.2,1.4,45873,11058,527.2,10583,5569058,961903,26533.78435,30615,0.422243863268636
634,25,1,26,122,216,829132,16,63.3,13.7,137,394,3.9,2.2,46776,10003,393.4,3130,3699287,119234,18020.21515,7994,0.729569360143847
635,25,1,26,155,175,948542,23,72.7,13.2,127,505,3.9,1.8,42543,11118,135.3,29076,3727680,317630,18169.47286,14884,1.30513225706626
636,25,0,9,56,92,898074,20,67.9,35,128,215,12.4,1.3,18892,5670,159.5,3964,1387814,138330,11981.24526,8843,2.29961896706072
638,25,0,9,56,89,1073648,18,52.6,18.4,63,323,4.8,2.4,24925,6903,98.7,9496,1277986,111874,12573.15636,7235,2.43985448421607
639,25,0,15,79,145,1262978,5,62.1,14.7,120,371,6.6,2.1,29559,9680,361.2,12246,2372269,389722,14535.50763,12504,1.44717292906605
640,25,0,9,38,35,734140,20,89.6,14.1,57,189,6,3,25242,10990,227,24664,1257858,60591,13502.11605,6157,2.29093112163976
641,25,1,74,323,426,777280,17,98.7,12.4,421,1116,3.3,1.9,51452,11269,594.7,32215,11602867,606107,19423.91957,34197,0.00407045230195568
642,25,0,4,23,96,1177125,30,39,21.7,82,154,12.6,2,19782,6472,233,8327,890050,106992,11388.75087,8866,2.99428831789596
643,25,0,5,35,88,1426600,11,48,16.3,81,214,11.8,2.1,22645,8126,268.4,8219,1156715,81312,11809.3615,8395,2.46150650199892
645,25,0,11,119,154,891598,21,61.4,16.6,95,382,7.5,1.8,36908,17999,550.5,25088,3060461,198330,17922.25381,10813,1.70219819950882
646,25,0,9,55,90,1035562,19,87.8,21.8,97,140,11.1,1.1,28679,9300,101.4,4582,1404238,38208,17004.34657,5799,1.79473954718697
647,25,0,7,59,120,889536,7,77.8,20.6,93,250,9.7,2,29245,5405,28.1,10467,1406812,86637,11362.03523,6626,1.5433413001132
648,25,0,6,31,47,766385,18,87.2,21.3,68,155,10.6,2.1,20689,5095,206.9,8358,781247,88961,10433.15928,3667,2.16459640743872
650,25,1,19,126,150,845582,18,81.5,19.8,122,418,6.5,1.8,35948,9792,131,28593,2820234,69411,14244.03856,13146,1.40701021126281
651,25,0,11,69,130,976462,29,84.4,22.1,82,237,7.2,2,32037,12277,440.8,20158,1718301,102803,15655.93679,11392,1.58390270423136
652,25,0,8,50,59,760052,19,87.4,25.7,96,200,11,2.4,21643,7319,164.5,22124,1338609,217227,13526.53647,9235,2.23330427493469
653,25,0,9,58,60,821245,27,89.6,20.2,91,191,8.4,1.5,24386,6372,233.5,30110,1220718,661963,14049.12076,8101,2.2778632613511
654,25,0,8,52,50,816138,20,92.5,23.3,90,191,9.6,2.1,22919,7273,130,30568,1232981,344547,13463.29645,10854,2.28197715235732
655,25,0,5,15,30,909933,6,71.9,19.3,22,137,3.6,6.5,22570,5467,222,25479,427525,92645,8168.518997,2884,2.4908076484949
656,25,0,5,11,25,709533,7,78.8,18,20,130,4.2,5,22741,6029,56.6,11912,397786,40440,7676.438356,2103,2.368911139018
657,25,1,132,662,577,887452,18,87.2,10.3,511,862,3.9,0.9,72762,13697,755.4,34951,17588139,3103151,38685.43635,70257,0.00196969209723437
659,25,0,35,197,334,819886,18,63.2,14.1,211,487,6.1,1.7,42841,9913,85.2,19960,4951324,543702,21832.20159,23810,0.546219757117383
661,25,0,8,50,122,769896,22,52.7,22.7,64,246,5.2,2.4,28485,15434,85.1,12788,1784496,108849,16239.70835,6302,2.37273068644247
662,25,0,12,57,97,617813,18,75.7,22.8,97,253,6.1,2.4,24839,12498,334.2,13211,1920505,117614,15374.36399,11989,1.94983088929894
663,25,0,3,10,56,1004528,7,81.7,36.6,46,46,15.3,2.3,18315,15692,278.1,6250,598174,39436,18709.05301,2599,2.26970631492522
665,25,0,5,28,54,640350,9,80.2,36,72,125,8.4,1.7,17252,5216,231.1,2760,727959,59664,11615.07545,3790,2.18661094151973
667,25,0,8,50,54,672208,22,86.3,19.9,81,155,8,1.5,23453,8887,95.5,21641,1197320,235535,15493.90527,8392,2.39574170044075
669,25,0,8,51,99,787031,23,71.2,18.4,70,184,7,1.9,25697,7645,405.9,7502,1086972,100659,12877.33794,5492,2.00424245908131
670,25,0,3,27,60,729167,26,87,27.4,52,94,12.9,1.7,24363,6478,395.7,7162,682402,81562,13403.26515,2906,2.06902271525134
671,25,0,8,54,58,989025,26,93,17,97,215,11.9,1.6,22301,6940,351.1,22205,1297314,194213,12163.38251,7703,2.10881940568568
672,25,0,5,26,60,1002177,17,84.5,25.7,51,124,9.8,2,21364,5703,69.1,11521,641418,114948,11410.44227,3066,2.22681682325735
673,25,0,11,83,120,977235,15,81.5,18.7,140,367,6.9,2.3,31110,7217,110.8,12738,2373081,481772,13980.69223,17549,1.46654186614342
675,25,0,3,22,66,709800,24,87.1,60.5,60,37,15.9,0.7,19851,13300,62.3,2091,562112,136734,18198.22059,3218,2.39586264061713
676,25,1,33,205,270,945464,20,82.3,16.1,222,344,6.7,0.9,45399,16191,545.5,8092,5407082,373990,25953.86998,19452,0.521359373938832
677,25,1,47,227,397,722044,17,73.1,17.1,290,874,5.9,1.8,37679,10750,391.9,16066,6610646,234634,14352.28075,29327,0.101658619929278
678,25,1,22,148,197,986720,22,76.1,14.8,150,255,6.3,0.9,41327,9193,110.1,24499,3075403,137416,20041.58295,16198,1.29495299621166
679,25,0,18,103,149,914523,23,86.9,19.4,175,499,9.2,2.2,27084,7564,538.5,20092,2885528,611411,11663.14784,11634,1.15839818046598
680,25,0,2,16,45,1134250,25,57.6,18.6,26,79,6.8,3,21771,7133,69.4,7681,418877,33060,11276.94716,2158,3.03526571466197
681,25,0,7,58,120,813533,13,47.8,22.8,57,151,7.6,1.6,24202,9256,169.1,7211,947686,235071,15890.80611,6604,2.44210278764918
682,25,0,7,56,105,1069119,22,85.4,25.3,134,231,10.4,1.8,21917,7894,63,15076,1728967,100737,13099.82361,10225,1.96003843084926
683,25,0,2,12,24,1078125,23,76.1,19,25,51,8.7,2.3,22364,5333,99.9,7451,331011,127827,15022.56669,2491,2.72137373667007
684,25,0,3,27,39,1087083,23,83.1,22.1,88,126,19.5,1.9,18873,4521,41.9,13870,831551,197629,11444.07886,5328,2.58411586497873
685,25,0,5,36,56,821033,24,52.5,16.9,66,110,9.8,1.4,20070,6494,136.1,7907,793715,110261,13591.45392,5222,3.06368319440694
686,25,0,6,38,75,983264,23,66.9,16.3,50,241,6.3,3.1,23797,5381,116.1,17231,870538,433770,9475.460152,4174,2.43219857618339
687,25,1,40,193,250,782451,14,95.4,12,238,330,4.7,0.9,47375,16804,344.7,28855,5683427,256516,27422.61721,17959,0.490148451122591
688,25,0,6,94,102,709247,11,80.2,23.3,105,197,11,0.9,25118,7932,348.4,17470,1458565,524584,16636.48734,13556,1.90369164296711
689,25,0,17,118,154,765132,19,96.6,19.1,191,287,9.4,1.3,31637,10210,427.3,25958,3126462,265217,18765.86806,15845,1.1590804488928
690,25,0,3,26,42,941944,27,85.4,20,36,94,8.8,2,27983,6763,110.5,39597,576747,257608,16052.85564,4129,2.57730198127317
691,25,0,3,13,30,1235250,26,76,18.8,23,115,6.9,3.4,22031,4685,202.4,6278,366617,61872,8068.910066,1228,2.58943519914629
692,25,0,12,59,120,818277,15,66.2,17.8,79,286,7.7,3.2,34973,6781,61.4,22476,1579605,159577,12456.8587,8521,1.76315725085142
693,25,0,5,22,50,1006350,22,64.8,28.6,32,138,6.5,2.9,21257,11078,51,10000,687936,83829,13821.75665,3569,2.84286721929447
694,25,0,2,32,56,889958,19,73.8,17.5,41,156,11.4,2.3,26349,6301,451.1,26755,800500,111236,12615.47876,4051,2.29734443151648
695,25,0,3,18,30,1039861,10,55.8,16,17,90,5.6,2.5,26509,9247,129.8,19936,424806,85172,11822.9164,2173,2.90392217044293
696,25,0,4,18,29,1266640,19,78.6,20.8,23,96,5.5,2.3,21004,8649,314,27183,434328,123645,12428.18004,2783,2.6803742739487
697,25,0,10,66,120,1007467,18,69.6,18,84,384,8.4,2.5,31681,8561,328.6,24422,1867585,109811,11187.4839,8055,1.67084163258236
699,25,0,2,21,36,915583,15,75.7,19.7,42,98,21.2,2.5,18922,5761,145.3,14431,489767,78350,11118.16047,3771,2.63860086651064
700,25,1,98,546,641,732551,19,68.9,15.3,442,768,4.6,0.9,64843,13467,583.4,6820,13242332,703705,30080.47096,37724,0.00110347110936421
701,25,0,1,21,20,2461250,24,96.2,25.6,53,69,16.3,1,18942,8107,55.7,17393,560340,12171,12946.5978,3618,2.60797479337827
702,25,1,25,146,270,839387,19,52.2,19.5,180,366,7.2,1.6,38381,10854,425.2,13333,3788813,421812,18866.35556,19861,0.96703679036912
